{
  "accuracy": 0.21882832447120001,
  "balanced_accuracy": 0.1143549147753677,
  "f1": 0.061960120828081784,
  "precision": 0.10762231880674139,
  "recall": 0.1143549147753677,
  "ndcg_at_5": 0.3686795927413203
}